date,symbol,open_0930,u_0945,first_bar_side,strike,expiry,dte,type,occ,m_0945,m_1015,m_1045,m_1100,m_1200,m_1400,m_1530,u_1015,u_1045,u_1100,u_1200,u_1400,u_1530,hi_0945_1530,lo_0945_1530,na_marks,recorded_at
2026-10-05,SPY,769.69,770.64,call,771,2026-10-05,0DTE,call,SPY261005C00771000,1.1,1.65,1.83,2.16,2.49,3.8,5.11,771.935,772.265,772.7701,773.3,774.7699,776.1,776.605,769.98,0,2026-10-06 08:52 ET
2026-10-05,SPY,769.69,770.64,call,771,2026-10-05,0DTE,put,SPY261005P00771000,1.47,0.74,0.59,0.42,0.22,0.06,0.03,771.935,772.265,772.7701,773.3,774.7699,776.1,776.605,769.98,0,2026-10-06 08:52 ET
2026-10-05,SPY,769.69,770.64,call,771,2026-10-06,1DTE,call,SPY261006C00771000,2.03,2.61,2.79,3.06,3.4,4.43,5.55,771.935,772.265,772.7701,773.3,774.7699,776.1,776.605,769.98,0,2026-10-06 08:52 ET
2026-10-05,SPY,769.69,770.64,call,771,2026-10-06,1DTE,put,SPY261006P00771000,2.33,1.65,1.49,1.27,1.07,0.62,0.41,771.935,772.265,772.7701,773.3,774.7699,776.1,776.605,769.98,0,2026-10-06 08:52 ET
2026-10-05,QQQ,749.35,752.8901,call,753,2026-10-05,0DTE,put,QQQ261005P00753000,1.84,1.81,1.34,0.87,0.72,0.15,0.03,752.31,752.945,753.9798,753.665,755.12,756.6,756.915,750.74,0,2026-10-06 08:52 ET
2026-10-05,QQQ,749.35,752.8901,call,753,2026-10-05,0DTE,call,QQQ261005C00753000,1.65,1.08,1.28,1.82,1.36,2.28,3.58,752.31,752.945,753.9798,753.665,755.12,756.6,756.915,750.74,0,2026-10-06 08:52 ET
2026-10-05,QQQ,749.35,752.8901,call,753,2026-10-06,1DTE,put,QQQ261006P00753000,3.15,3.19,2.84,2.36,2.36,1.71,1.3,752.31,752.945,753.9798,753.665,755.12,756.6,756.915,750.74,0,2026-10-06 08:52 ET
2026-10-05,QQQ,749.35,752.8901,call,753,2026-10-06,1DTE,call,QQQ261006C00753000,3.07,2.54,2.85,3.37,3.08,3.91,4.9,752.31,752.945,753.9798,753.665,755.12,756.6,756.915,750.74,0,2026-10-06 08:52 ET
2026-10-06,SPY,778.16,778.65,call,779,2026-10-06,0DTE,call,SPY261006C00779000,1.03,1.75,1.77,1.83,2.31,1.12,0.86,780.035,780.215,780.4195,781.1,779.82,779.71,781.62,778.43,0,2026-10-06 18:12 ET
2026-10-06,SPY,778.16,778.65,call,779,2026-10-06,0DTE,put,SPY261006P00779000,1.4,0.75,0.57,0.44,0.24,0.31,0.16,780.035,780.215,780.4195,781.1,779.82,779.71,781.62,778.43,0,2026-10-06 18:12 ET
2026-10-06,SPY,778.16,778.65,call,779,2026-10-07,1DTE,call,SPY261007C00779000,1.94,2.64,2.73,2.81,3.18,2.2,2.04,780.035,780.215,780.4195,781.1,779.82,779.71,781.62,778.43,0,2026-10-06 18:12 ET
2026-10-06,SPY,778.16,778.65,call,779,2026-10-07,1DTE,put,SPY261007P00779000,2.24,1.59,1.47,1.36,1.06,1.33,1.28,780.035,780.215,780.4195,781.1,779.82,779.71,781.62,778.43,0,2026-10-06 18:12 ET
2026-10-06,QQQ,760.5,760.5555,flat,761,2026-10-06,0DTE,call,QQQ261006C00761000,1.39,1.63,1.77,1.8,1.43,0.59,0.35,761.35,761.8501,762.105,761.8,760.84,760.805,762.86,759.65,0,2026-10-06 18:12 ET
2026-10-06,QQQ,760.5,760.5555,flat,761,2026-10-06,0DTE,put,QQQ261006P00761000,1.9,1.29,0.92,0.71,0.63,0.78,0.55,761.35,761.8501,762.105,761.8,760.84,760.805,762.86,759.65,0,2026-10-06 18:12 ET
2026-10-06,QQQ,760.5,760.5555,flat,761,2026-10-07,1DTE,call,QQQ261007C00761000,2.69,3.08,3.33,3.45,3.11,2.35,2.2,761.35,761.8501,762.105,761.8,760.84,760.805,762.86,759.65,0,2026-10-06 18:12 ET
2026-10-06,QQQ,760.5,760.5555,flat,761,2026-10-07,1DTE,put,QQQ261007P00761000,3.12,2.66,2.42,2.28,2.22,2.45,2.33,761.35,761.8501,762.105,761.8,760.84,760.805,762.86,759.65,0,2026-10-06 18:12 ET
2026-10-07,SPY,775.75,774.64,put,775,2026-10-07,0DTE,call,SPY261007C00775000,1.3,0.91,0.68,0.81,1.75,2.39,2.08,774.31,773.88,774.36,776.34,777.31,777.04,779.1021,773.61,0,2026-10-07 18:12 ET
2026-10-07,SPY,775.75,774.64,put,775,2026-10-07,0DTE,put,SPY261007P00775000,1.57,1.59,1.77,1.44,0.44,0.13,0.05,774.31,773.88,774.36,776.34,777.31,777.04,779.1021,773.61,0,2026-10-07 18:12 ET
2026-10-07,SPY,775.75,774.64,put,775,2026-10-08,1DTE,call,SPY261008C00775000,2.2,1.93,1.75,1.83,2.76,3.3,3.01,774.31,773.88,774.36,776.34,777.31,777.04,779.1021,773.61,0,2026-10-07 18:12 ET
2026-10-07,SPY,775.75,774.64,put,775,2026-10-08,1DTE,put,SPY261008P00775000,2.38,2.5,2.72,2.36,1.36,0.96,0.9,774.31,773.88,774.36,776.34,777.31,777.04,779.1021,773.61,0,2026-10-07 18:12 ET
2026-10-07,QQQ,753.8,752.8875,put,753,2026-10-07,0DTE,call,QQQ261007C00753000,1.83,1.86,2.14,2.18,3.59,3.86,3.87,753.49,754.1905,754.3599,756.3471,756.79,756.8699,757.6501,751.76,0,2026-10-07 18:12 ET
2026-10-07,QQQ,753.8,752.8875,put,753,2026-10-07,0DTE,put,QQQ261007P00753000,1.92,1.37,0.97,0.82,0.25,0.11,0.02,753.49,754.1905,754.3599,756.3471,756.79,756.8699,757.6501,751.76,0,2026-10-07 18:12 ET
2026-10-07,QQQ,753.8,752.8875,put,753,2026-10-08,1DTE,call,QQQ261008C00753000,3.16,3.41,3.71,3.7,4.84,4.94,4.91,753.49,754.1905,754.3599,756.3471,756.79,756.8699,757.6501,751.76,0,2026-10-07 18:12 ET
2026-10-07,QQQ,753.8,752.8875,put,753,2026-10-08,1DTE,put,QQQ261008P00753000,3.17,2.83,2.46,2.26,1.42,1.1,0.98,753.49,754.1905,754.3599,756.3471,756.79,756.8699,757.6501,751.76,0,2026-10-07 18:12 ET
2026-10-08,SPY,774.85,774.62,put,775,2026-10-08,0DTE,call,SPY261008C00775000,1.07,1.59,1.57,1.2,0.57,0.11,0.08,775.86,775.92,775.35,774.41,771.92,773.39,777.09,770.435,0,2026-10-08 18:12 ET
2026-10-08,SPY,774.85,774.62,put,775,2026-10-08,0DTE,put,SPY261008P00775000,1.41,0.76,0.62,0.82,1.19,3.17,1.7,775.86,775.92,775.35,774.41,771.92,773.39,777.09,770.435,0,2026-10-08 18:12 ET
2026-10-08,SPY,774.85,774.62,put,775,2026-10-09,1DTE,call,SPY261009C00775000,2.16,2.76,2.73,2.4,1.84,0.96,1.21,775.86,775.92,775.35,774.41,771.92,773.39,777.09,770.435,0,2026-10-08 18:12 ET
2026-10-08,SPY,774.85,774.62,put,775,2026-10-09,1DTE,put,SPY261009P00775000,2.17,1.58,1.47,1.69,2.1,3.69,2.51,775.86,775.92,775.35,774.41,771.92,773.39,777.09,770.435,0,2026-10-08 18:12 ET
2026-10-08,QQQ,753.97,753.51,put,754,2026-10-08,0DTE,call,QQQ261008C00754000,1.39,1.67,2.21,1.76,0.62,0.04,0.01,754.4301,755.43,754.8,752.91,745.8355,746.66,757.1799,743.23,0,2026-10-08 18:12 ET
2026-10-08,QQQ,753.97,753.51,put,754,2026-10-08,0DTE,put,QQQ261008P00754000,1.93,1.22,0.75,0.95,1.69,8.2,7.36,754.4301,755.43,754.8,752.91,745.8355,746.66,757.1799,743.23,0,2026-10-08 18:12 ET
2026-10-08,QQQ,753.97,753.51,put,754,2026-10-09,1DTE,call,QQQ261009C00754000,2.87,3.31,3.83,3.42,2.39,0.62,0.58,754.4301,755.43,754.8,752.91,745.8355,746.66,757.1799,743.23,0,2026-10-08 18:12 ET
2026-10-08,QQQ,753.97,753.51,put,754,2026-10-09,1DTE,put,QQQ261009P00754000,3.09,2.52,2.05,2.3,3.13,8.45,7.69,754.4301,755.43,754.8,752.91,745.8355,746.66,757.1799,743.23,0,2026-10-08 18:12 ET
2026-10-09,SPY,776.24,775.6,put,776,2026-10-09,0DTE,call,SPY261009C00776000,1.08,1.14,1.03,1.7,1.54,2.4,2.92,776.19,776.2525,777.32,777.2702,778.37,778.905,779.42,775.14,0,2026-10-09 18:11 ET
2026-10-09,SPY,776.24,775.6,put,776,2026-10-09,0DTE,put,SPY261009P00776000,1.49,0.95,0.79,0.42,0.26,0.07,0.03,776.19,776.2525,777.32,777.2702,778.37,778.905,779.42,775.14,0,2026-10-09 18:11 ET
2026-10-09,SPY,776.24,775.6,put,776,2026-10-12,1DTE,call,SPY261012C00776000,1.97,2.13,2.07,2.7,2.56,3.19,3.6,776.19,776.2525,777.32,777.2702,778.37,778.905,779.42,775.14,0,2026-10-09 18:11 ET
2026-10-09,SPY,776.24,775.6,put,776,2026-10-12,1DTE,put,SPY261012P00776000,2.39,1.94,1.84,1.42,1.29,0.85,0.71,776.19,776.2525,777.32,777.2702,778.37,778.905,779.42,775.14,0,2026-10-09 18:11 ET
2026-10-09,QQQ,752.55,749.38,put,749,2026-10-09,0DTE,call,QQQ261009C00749000,2.15,1.67,1.54,2.17,1.58,1.96,2.39,749.141,749.4101,750.53,750.065,750.83,751.37,752.02,748.365,0,2026-10-09 18:11 ET
2026-10-09,QQQ,752.55,749.38,put,749,2026-10-09,0DTE,put,QQQ261009P00749000,1.75,1.47,1.13,0.66,0.53,0.14,0.03,749.141,749.4101,750.53,750.065,750.83,751.37,752.02,748.365,0,2026-10-09 18:11 ET
2026-10-09,QQQ,752.55,749.38,put,749,2026-10-12,1DTE,call,QQQ261012C00749000,3.53,3.19,3.18,3.75,3.29,3.62,3.91,749.141,749.4101,750.53,750.065,750.83,751.37,752.02,748.365,0,2026-10-09 18:11 ET
2026-10-09,QQQ,752.55,749.38,put,749,2026-10-12,1DTE,put,QQQ261012P00749000,3.15,3,2.77,2.25,2.24,1.81,1.54,749.141,749.4101,750.53,750.065,750.83,751.37,752.02,748.365,0,2026-10-09 18:11 ET
